{
  "project_info": {
    "project_number": "578093263229",
    "firebase_url": "https://topic-56b55-default-rtdb.firebaseio.com",
    "project_id": "topic-56b55",
    "storage_bucket": "topic-56b55.appspot.com"
  },
  "client": [
    {
      "client_info": {
        "mobilesdk_app_id": "1:578093263229:android:fd469f6d98b705d6cd4414",
        "android_client_info": {
          "package_name": "com.example.groupproject"
        }
      },
      "oauth_client": [
        {
          "client_id": "578093263229-6uhq1d7bfnige09rautcravpggr2r77t.apps.googleusercontent.com",
          "client_type": 3
        }
      ],
      "api_key": [
        {
          "current_key": "AIzaSyDNgdba_wp9fhIccqVNXbdPJYfDQ6FHPz4"
        }
      ],
      "services": {
        "appinvite_service": {
          "other_platform_oauth_client": [
            {
              "client_id": "578093263229-6uhq1d7bfnige09rautcravpggr2r77t.apps.googleusercontent.com",
              "client_type": 3
            }
          ]
        }
      }
    }
  ],
  "configuration_version": "1"
}